product_id,product_name,category_id,shop_id,price,stock,status,create_time
1,手办_0001,8,79,59.61,124,上架,2025-11-19 16:41:36
2,耳麦_0002,8,29,170.82,489,上架,2025-10-02 07:46:51
3,面膜_0003,6,25,196.42,45,下架,2025-11-17 06:24:54
4,哑铃_0004,7,90,1697.21,203,上架,2025-11-11 16:40:30
5,手办_0005,8,55,108.85,341,上架,2026-02-19 02:38:45
6,牛仔裤_0006,3,13,402.73,395,上架,2025-11-02 17:26:24
7,T恤_0007,3,2,248.23,246,下架,2025-10-16 10:53:56
8,瑜伽垫_0008,7,84,1595.78,285,下架,2025-10-13 07:22:50
9,手机_0009,1,95,6461.01,234,上架,2026-02-22 18:24:20
10,洗衣液_0010,5,77,131.15,322,上架,2025-10-31 17:39:37
11,篮球_0011,7,85,863.18,382,上架,2026-02-27 03:56:35
12,显示器_0012,2,27,10600.83,288,上架,2025-10-01 20:51:00
13,耳机_0013,9,42,864.56,161,上架,2025-11-01 14:20:28
14,手办_0014,8,23,259.07,174,上架,2025-10-25 18:39:28
15,键盘_0015,9,38,959.39,291,上架,2025-11-17 03:27:53
16,果汁_0016,4,71,18.3,256,上架,2025-10-10 06:00:50
17,教材_0017,8,10,117.26,219,上架,2026-01-06 11:34:25
18,智能手表_0018,1,94,7183.26,255,上架,2025-10-26 09:49:01
19,教材_0019,8,99,137.44,404,上架,2025-12-29 18:21:26
20,牛仔裤_0020,3,49,625.8,363,上架,2026-02-07 19:30:34
21,跑鞋_0021,7,32,305.79,266,上架,2026-01-14 11:35:21
22,智能手表_0022,1,6,2410.9,48,上架,2026-03-05 02:06:27
23,显示器_0023,2,26,10501.56,20,上架,2025-10-11 01:08:16
24,果汁_0024,4,25,156.46,317,上架,2025-11-25 15:24:54
25,耳机_0025,9,47,287.72,371,上架,2025-11-26 14:13:34
26,哑铃_0026,7,16,954.29,460,上架,2025-10-02 15:46:15
27,面包_0027,4,63,113.24,196,上架,2026-03-14 05:46:23
28,键盘_0028,9,37,367.42,236,上架,2025-12-16 16:26:15
29,手办_0029,8,54,56.54,108,上架,2026-01-18 22:16:43
30,耳麦_0030,8,31,285.52,494,上架,2025-10-11 10:51:14
31,水杯_0031,5,60,129.52,134,上架,2025-10-19 22:12:58
32,洗面奶_0032,6,19,316.03,260,上架,2025-12-13 12:01:31
33,牛奶_0033,4,65,104.08,295,上架,2026-01-06 06:27:26
34,零食_0034,4,16,191.22,15,上架,2026-03-09 19:41:17
35,耳机_0035,9,15,694.76,250,上架,2025-10-09 01:26:56
36,帐篷_0036,7,61,1395.3,345,上架,2025-12-10 08:07:59
37,台灯_0037,5,60,286.4,278,下架,2026-02-03 14:46:49
38,哑铃_0038,7,91,1654.96,79,上架,2026-03-05 20:47:08
39,洗衣液_0039,5,65,357.6,144,下架,2025-10-14 02:28:19
40,笔记本_0040,2,98,11453.71,181,上架,2026-02-27 11:18:54
41,面膜_0041,6,29,117.13,337,上架,2026-01-08 21:24:53
42,帐篷_0042,7,78,254.6,186,上架,2026-03-17 19:20:06
43,篮球_0043,7,92,1620.16,244,上架,2026-03-07 16:00:42
44,果汁_0044,4,9,119.08,133,上架,2025-12-12 09:52:48
45,打印机_0045,2,24,9550.49,114,上架,2026-02-12 03:14:52
46,洗面奶_0046,6,12,211.24,312,下架,2026-01-28 13:04:47
47,果汁_0047,4,81,23.13,356,上架,2026-03-10 02:31:06
48,果汁_0048,4,98,12.39,267,上架,2026-03-18 19:07:19
49,手办_0049,8,60,67.25,345,上架,2025-11-16 07:35:49
50,洗衣液_0050,5,33,211.16,476,上架,2025-10-28 20:03:15
51,平板_0051,1,100,8001.46,10,上架,2025-12-21 10:20:03
52,充电器_0052,1,41,8862.97,401,上架,2025-11-12 03:22:22
53,双肩包_0053,3,76,107.22,388,上架,2026-01-03 15:59:07
54,显示器_0054,2,30,4777.72,61,下架,2025-10-05 13:30:12
55,台灯_0055,5,65,157.23,348,上架,2025-11-21 20:40:48
56,打印机_0056,2,32,5070.65,102,上架,2026-01-09 06:19:39
57,耳机_0057,9,76,959.72,370,上架,2026-01-10 13:55:24
58,打印机_0058,2,28,8825.02,392,上架,2026-02-09 02:27:11
59,小说_0059,8,67,250.53,351,下架,2025-10-26 18:36:32
60,牛奶_0060,4,41,52.83,217,上架,2025-12-18 18:38:18
61,漫画_0061,8,5,77.07,414,上架,2025-12-31 05:38:50
62,洗面奶_0062,6,4,452.93,313,上架,2025-09-28 05:17:24
63,耳机_0063,9,65,897.62,383,上架,2025-12-08 15:57:06
64,耳机_0064,9,72,680.95,459,上架,2025-11-20 14:19:38
65,连衣裙_0065,3,71,464.22,269,上架,2026-02-27 15:31:15
66,牛奶_0066,4,56,61.63,481,上架,2026-03-18 17:05:58
67,显示器_0067,2,92,3553.9,356,下架,2026-03-12 21:05:08
68,台灯_0068,5,29,335.89,490,下架,2026-03-11 07:23:32
69,哑铃_0069,7,89,1138.01,172,上架,2025-10-09 08:42:21
70,跑鞋_0070,7,18,1811.41,17,上架,2026-03-11 05:27:16
71,充电器_0071,1,54,3549.84,272,上架,2025-11-25 20:15:22
72,纸巾_0072,5,16,44.24,354,上架,2025-11-27 07:23:45
73,运动鞋_0073,3,40,412.27,345,上架,2025-11-08 09:05:32
74,显示器_0074,2,50,14308.54,324,上架,2025-10-25 15:39:09
75,教材_0075,8,25,249.13,348,上架,2026-02-06 06:25:16
76,防晒霜_0076,6,8,242.02,123,上架,2026-03-05 23:58:27
77,防晒霜_0077,6,70,292.02,183,上架,2026-03-16 11:57:07
78,牛奶_0078,4,74,136.77,250,上架,2026-03-24 17:22:56
79,充电器_0079,1,26,5289.37,43,上架,2026-01-25 19:42:01
80,牛仔裤_0080,3,3,630.82,448,上架,2026-01-21 19:57:17
81,连衣裙_0081,3,100,131.7,377,下架,2026-02-06 01:19:43
82,键盘_0082,9,63,412.95,134,上架,2025-10-02 01:54:44
83,打印机_0083,2,53,6852.47,16,上架,2026-03-08 14:48:51
84,智能手表_0084,1,32,9596.35,474,下架,2025-10-17 06:08:25
85,洗面奶_0085,6,12,276.33,222,上架,2026-03-18 08:35:32
86,洗衣液_0086,5,84,210.86,167,下架,2025-11-18 04:29:38
87,收纳箱_0087,5,95,366.51,354,上架,2026-02-28 01:12:53
88,跑鞋_0088,7,32,1774.38,456,上架,2026-02-23 10:10:29
89,防晒霜_0089,6,71,197.59,262,上架,2026-03-18 18:56:08
90,耳麦_0090,8,81,149.89,120,上架,2025-12-25 12:33:39
91,面包_0091,4,44,185.71,116,下架,2025-10-10 19:54:31
92,耳麦_0092,8,75,226.99,339,上架,2026-01-08 04:00:14
93,纸巾_0093,5,12,455.69,67,上架,2026-01-01 17:56:38
94,面膜_0094,6,21,487.21,121,上架,2026-03-12 13:47:38
95,帐篷_0095,7,34,601.94,86,上架,2025-11-03 23:44:24
96,手办_0096,8,98,281.81,87,上架,2026-02-20 01:25:30
97,笔记本_0097,2,34,14226.33,197,上架,2026-02-19 14:00:48
98,耳麦_0098,8,75,82.11,421,上架,2025-12-03 13:36:32
99,水杯_0099,5,42,169.32,43,上架,2025-12-07 08:08:59
100,哑铃_0100,7,71,190.89,385,上架,2026-03-11 23:00:14
101,纸巾_0101,5,47,344.73,333,上架,2026-03-08 04:20:08
102,平板_0102,1,57,7971.96,433,上架,2026-03-10 15:34:34
103,牛仔裤_0103,3,13,444.12,334,上架,2025-11-12 19:25:11
104,牛仔裤_0104,3,43,405.71,59,上架,2025-10-02 22:55:08
105,零食_0105,4,80,61.99,130,上架,2026-01-18 23:31:38
106,洗面奶_0106,6,45,345.46,57,上架,2025-12-18 13:48:28
107,帐篷_0107,7,1,942.09,237,上架,2026-01-27 00:23:54
108,洗衣液_0108,5,59,95.79,416,上架,2025-12-06 23:08:09
109,果汁_0109,4,32,20.3,313,上架,2025-12-22 03:10:23
110,篮球_0110,7,11,312.81,232,下架,2026-01-25 02:04:28
111,洗面奶_0111,6,5,407.25,485,上架,2025-11-05 18:27:40
112,瑜伽垫_0112,7,24,1738.73,214,上架,2026-01-03 12:11:21
113,漫画_0113,8,93,263.76,273,上架,2026-01-05 04:57:00
114,双肩包_0114,3,47,346.22,358,上架,2026-01-30 21:02:21
115,鼠标_0115,9,8,900.23,358,上架,2025-11-28 14:59:23
116,鼠标_0116,9,75,559.71,292,上架,2025-12-31 11:48:02
117,面包_0117,4,14,124.35,10,上架,2026-01-20 16:53:14
118,零食_0118,4,46,117.46,248,上架,2026-03-06 20:08:14
119,双肩包_0119,3,93,795.03,397,上架,2025-12-16 04:43:46
120,显示器_0120,2,37,11799.08,279,上架,2025-12-22 00:32:07
121,平板_0121,1,19,6348.0,347,上架,2026-02-22 06:07:31
122,粉底液_0122,6,40,320.75,63,上架,2026-02-07 02:10:18
123,运动鞋_0123,3,77,431.96,373,上架,2026-01-26 21:00:13
124,篮球_0124,7,52,1927.05,418,上架,2025-10-08 17:37:54
125,充电器_0125,1,2,7449.31,430,上架,2026-03-10 16:55:06
126,收纳箱_0126,5,19,287.86,372,上架,2025-12-16 20:58:39
127,粉底液_0127,6,35,403.87,374,上架,2026-02-06 14:45:40
128,教材_0128,8,3,165.75,259,上架,2025-12-25 00:36:01
129,洗衣液_0129,5,20,77.29,367,上架,2026-03-18 20:29:06
130,显示器_0130,2,6,13775.17,399,上架,2025-10-15 00:19:24
131,耳机_0131,9,78,310.4,86,上架,2025-12-13 12:54:44
132,水杯_0132,5,95,104.13,243,上架,2026-02-17 06:30:23
133,打印机_0133,2,41,9720.34,160,上架,2026-03-02 06:10:52
134,显示器_0134,2,7,13589.7,472,上架,2025-11-11 03:27:00
135,教材_0135,8,78,53.49,256,上架,2025-11-18 23:12:06
136,漫画_0136,8,34,121.45,245,上架,2025-10-07 06:36:38
137,打印机_0137,2,30,9104.47,47,上架,2025-11-26 21:10:21
138,鼠标_0138,9,56,783.99,483,上架,2026-02-08 18:49:14
139,T恤_0139,3,93,90.11,78,上架,2026-02-15 16:37:55
140,粉底液_0140,6,92,205.18,295,上架,2025-10-30 10:01:40
141,运动鞋_0141,3,22,746.99,178,下架,2025-10-04 11:32:51
142,键盘_0142,9,32,351.05,466,上架,2025-12-01 03:28:54
143,智能手表_0143,1,84,5786.57,319,上架,2026-03-17 10:44:59
144,笔记本_0144,2,68,11222.66,50,上架,2026-02-09 13:00:07
145,连衣裙_0145,3,15,325.22,495,上架,2025-11-20 09:35:41
146,笔记本_0146,2,88,5924.69,143,上架,2026-01-03 10:02:25
147,笔记本_0147,2,92,6183.41,36,上架,2026-03-01 15:34:07
148,显示器_0148,2,13,11229.22,207,上架,2026-03-21 05:55:27
149,连衣裙_0149,3,6,775.3,466,上架,2026-01-24 07:18:09
150,洗面奶_0150,6,59,38.35,389,上架,2025-10-16 16:48:48
151,洗面奶_0151,6,19,162.51,290,上架,2025-10-28 23:40:14
152,面膜_0152,6,53,83.59,422,上架,2025-10-20 13:01:15
153,笔记本_0153,2,47,13366.15,55,上架,2026-02-08 18:27:22
154,纸巾_0154,5,35,183.93,278,上架,2026-02-24 23:17:00
155,台灯_0155,5,87,229.61,236,上架,2025-12-12 23:40:38
156,平板_0156,1,13,5983.97,290,上架,2025-12-04 11:57:23
157,显示器_0157,2,81,11817.38,476,上架,2026-01-17 13:29:05
158,耳麦_0158,8,56,257.34,94,上架,2025-10-24 06:42:38
159,耳麦_0159,8,42,226.49,248,下架,2026-01-22 15:48:54
160,键盘_0160,9,40,764.74,228,上架,2025-10-26 13:29:58
161,小说_0161,8,18,234.0,196,上架,2026-02-22 22:08:33
162,打印机_0162,2,39,9786.37,63,上架,2025-12-02 09:08:52
163,鼠标_0163,9,60,464.99,476,上架,2025-10-23 20:10:20
164,手机_0164,1,4,8232.72,345,上架,2026-02-23 04:29:25
165,显示器_0165,2,62,3856.7,153,上架,2025-10-03 08:25:42
166,显示器_0166,2,81,9808.33,419,上架,2025-10-17 13:20:02
167,面膜_0167,6,18,371.04,194,上架,2026-02-20 19:10:32
168,运动鞋_0168,3,96,275.0,300,上架,2026-03-04 01:32:32
169,耳机_0169,9,6,545.1,214,上架,2026-02-01 06:22:39
170,显示器_0170,2,86,14920.89,376,上架,2026-03-21 17:18:38
171,T恤_0171,3,2,144.14,311,上架,2026-02-11 07:27:48
172,键盘_0172,9,17,495.27,362,上架,2026-02-14 06:28:07
173,手办_0173,8,35,282.29,355,上架,2026-02-03 16:37:24
174,面包_0174,4,1,47.47,68,上架,2026-01-19 03:35:24
175,打印机_0175,2,44,10319.91,61,上架,2026-01-27 20:41:55
176,咖啡_0176,4,60,151.91,54,上架,2025-12-01 22:44:46
177,耳麦_0177,8,77,168.82,449,上架,2026-02-11 14:40:30
178,手办_0178,8,100,129.77,253,上架,2026-03-23 18:00:58
179,运动鞋_0179,3,80,95.62,356,下架,2026-01-03 21:11:21
180,牛奶_0180,4,54,42.13,330,下架,2025-12-23 07:40:02
181,连衣裙_0181,3,69,397.47,312,下架,2026-02-21 20:44:50
182,显示器_0182,2,50,10788.05,271,上架,2025-10-11 17:29:17
183,纸巾_0183,5,16,150.14,446,上架,2026-01-26 03:30:09
184,打印机_0184,2,17,3097.64,195,上架,2025-12-21 08:27:11
185,平板_0185,1,57,4160.28,213,上架,2025-12-25 10:12:40
186,果汁_0186,4,56,18.53,242,下架,2025-12-27 12:16:38
187,双肩包_0187,3,47,740.86,170,上架,2026-03-20 20:44:16
188,纸巾_0188,5,8,108.66,76,上架,2026-03-07 02:08:49
189,运动鞋_0189,3,12,678.96,482,上架,2026-01-13 04:36:07
190,跑鞋_0190,7,55,678.11,470,上架,2025-10-22 12:12:54
191,耳麦_0191,8,99,187.92,62,上架,2025-12-02 19:50:33
192,洗衣液_0192,5,38,411.12,141,上架,2026-02-27 00:10:36
193,智能手表_0193,1,93,5205.69,142,下架,2025-11-24 11:04:21
194,小说_0194,8,81,189.21,469,上架,2026-02-09 02:23:59
195,显示器_0195,2,3,5305.97,197,上架,2026-02-20 10:42:45
196,收纳箱_0196,5,28,186.18,177,上架,2026-03-03 04:59:36
197,口红_0197,6,51,362.8,482,下架,2025-10-21 20:28:49
198,双肩包_0198,3,8,413.25,70,下架,2025-11-07 10:24:34
199,手办_0199,8,53,134.04,376,上架,2025-11-30 08:54:43
200,口红_0200,6,54,229.16,291,上架,2026-02-02 14:35:48
201,打印机_0201,2,74,8783.51,461,上架,2026-02-20 15:40:05
202,手机_0202,1,66,6045.09,222,上架,2026-02-19 23:14:40
203,键盘_0203,9,48,464.24,296,上架,2025-12-16 07:58:02
204,T恤_0204,3,62,790.41,157,上架,2026-01-01 17:18:43
205,T恤_0205,3,55,735.78,467,下架,2025-12-01 10:14:43
206,洗衣液_0206,5,52,448.89,153,上架,2025-10-08 06:03:24
207,手办_0207,8,76,246.58,220,上架,2025-09-29 09:53:28
208,充电器_0208,1,59,5520.04,489,上架,2025-12-07 14:44:55
209,咖啡_0209,4,49,65.31,307,上架,2026-03-20 11:07:24
210,收纳箱_0210,5,28,340.39,421,上架,2026-01-04 10:47:25
211,手办_0211,8,38,187.8,391,上架,2026-03-04 12:37:48
212,哑铃_0212,7,65,1334.59,358,上架,2025-10-03 05:49:08
213,打印机_0213,2,40,10521.14,289,上架,2025-10-21 22:45:53
214,帐篷_0214,7,73,1517.05,251,上架,2025-10-11 15:15:39
215,耳机_0215,9,9,978.84,345,上架,2025-12-04 01:30:02
216,漫画_0216,8,4,26.02,161,上架,2025-12-13 05:58:40
217,小说_0217,8,17,220.23,176,上架,2025-10-19 02:42:11
218,面膜_0218,6,99,110.01,413,上架,2026-02-24 17:07:53
219,手机_0219,1,38,4065.68,119,下架,2025-11-15 17:41:45
220,充电器_0220,1,76,4105.62,393,下架,2026-01-31 18:05:18
221,键盘_0221,9,28,417.69,94,上架,2026-02-12 18:38:29
222,运动鞋_0222,3,53,142.52,365,上架,2025-12-02 13:01:34
223,小说_0223,8,88,114.52,41,上架,2025-12-16 06:30:40
224,笔记本_0224,2,56,11392.74,306,上架,2025-12-16 06:53:58
225,打印机_0225,2,36,13602.45,109,上架,2025-11-22 05:58:41
226,牛仔裤_0226,3,35,686.84,243,上架,2026-03-19 08:12:27
227,咖啡_0227,4,100,131.54,363,上架,2025-11-23 08:04:16
228,水杯_0228,5,69,348.84,39,上架,2025-12-25 06:11:13
229,打印机_0229,2,94,8682.33,368,上架,2026-02-25 11:54:40
230,键盘_0230,9,69,239.05,249,上架,2025-12-06 13:05:10
231,运动鞋_0231,3,55,266.52,175,上架,2026-02-15 15:54:50
232,咖啡_0232,4,75,49.56,87,上架,2025-12-10 21:25:05
233,教材_0233,8,24,151.82,92,上架,2026-02-22 05:56:27
234,篮球_0234,7,58,1664.17,328,上架,2026-03-20 19:17:30
235,显示器_0235,2,32,11749.71,393,上架,2025-12-30 05:50:18
236,粉底液_0236,6,92,326.75,89,上架,2026-03-17 15:49:50
237,防晒霜_0237,6,97,367.48,275,上架,2026-02-05 00:48:06
238,运动鞋_0238,3,64,256.15,226,上架,2026-02-05 09:19:10
239,打印机_0239,2,18,6028.56,93,上架,2026-01-12 11:30:11
240,咖啡_0240,4,36,44.41,126,上架,2025-10-03 11:50:16
241,充电器_0241,1,75,5513.74,368,上架,2025-10-20 13:56:31
242,鼠标_0242,9,59,631.16,147,上架,2026-03-06 23:33:42
243,耳麦_0243,8,30,157.5,91,下架,2025-12-14 02:01:38
244,鼠标_0244,9,79,719.22,358,上架,2026-03-15 16:17:56
245,面包_0245,4,52,55.52,415,上架,2026-01-13 23:54:54
246,打印机_0246,2,48,12835.89,288,上架,2025-12-08 00:40:21
247,水杯_0247,5,91,31.23,406,下架,2025-09-30 19:16:08
248,显示器_0248,2,78,12289.57,249,上架,2026-01-28 09:12:26
249,键盘_0249,9,93,813.37,44,上架,2025-12-29 05:55:35
250,耳麦_0250,8,74,297.22,136,上架,2025-12-01 08:27:59
251,防晒霜_0251,6,37,40.98,393,上架,2026-02-14 02:43:37
252,哑铃_0252,7,78,1217.66,273,上架,2025-09-29 11:36:56
253,充电器_0253,1,91,3898.0,153,上架,2025-09-29 04:31:15
254,篮球_0254,7,8,904.22,12,上架,2026-01-10 08:11:22
255,咖啡_0255,4,5,110.29,191,上架,2025-10-20 04:15:15
256,跑鞋_0256,7,54,1182.39,85,上架,2026-02-15 16:38:37
257,零食_0257,4,87,144.66,485,上架,2026-02-18 04:33:11
258,显示器_0258,2,69,14963.16,285,上架,2025-10-29 18:07:02
259,打印机_0259,2,99,8550.59,459,上架,2026-03-09 19:55:32
260,咖啡_0260,4,46,155.37,58,上架,2026-02-17 01:25:29
261,耳机_0261,9,90,555.96,247,下架,2025-10-14 17:05:54
262,键盘_0262,9,41,590.14,383,上架,2026-02-26 03:51:46
263,平板_0263,1,4,2903.78,111,上架,2026-02-13 22:41:40
264,咖啡_0264,4,98,109.67,294,上架,2025-10-15 06:10:08
265,帐篷_0265,7,30,1630.41,169,上架,2026-02-21 18:56:36
266,耳机_0266,9,97,944.9,115,上架,2026-02-25 18:00:44
267,洗衣液_0267,5,50,397.59,46,上架,2026-02-28 17:19:02
268,笔记本_0268,2,14,12293.07,255,上架,2026-03-06 14:44:11
269,双肩包_0269,3,65,143.55,273,上架,2025-12-21 17:22:59
270,纸巾_0270,5,47,409.88,333,下架,2025-11-19 07:49:49
271,防晒霜_0271,6,11,95.01,120,上架,2026-01-07 21:02:10
272,收纳箱_0272,5,40,441.98,44,上架,2026-03-24 04:57:37
273,手机_0273,1,7,9880.08,216,上架,2025-11-07 23:18:16
274,充电器_0274,1,48,2888.07,247,上架,2025-10-31 01:53:55
275,果汁_0275,4,81,89.15,131,上架,2026-02-27 14:53:34
276,双肩包_0276,3,28,216.69,488,上架,2026-02-25 15:22:07
277,零食_0277,4,52,86.35,233,上架,2025-12-11 18:09:08
278,牛仔裤_0278,3,28,113.01,200,上架,2026-03-08 15:16:15
279,漫画_0279,8,43,265.92,366,上架,2025-10-21 15:09:43
280,水杯_0280,5,49,469.16,128,下架,2025-09-30 16:48:05
281,双肩包_0281,3,94,256.69,45,下架,2025-10-29 11:44:21
282,显示器_0282,2,47,9813.32,109,上架,2025-12-04 20:24:01
283,双肩包_0283,3,6,496.48,439,上架,2026-03-17 10:00:04
284,粉底液_0284,6,40,201.99,79,上架,2025-12-07 07:01:23
285,连衣裙_0285,3,20,374.93,25,上架,2026-03-12 11:39:16
286,水杯_0286,5,2,172.88,394,上架,2025-11-23 08:55:36
287,口红_0287,6,11,495.71,44,上架,2025-10-10 04:30:37
288,打印机_0288,2,16,9527.23,427,上架,2026-01-20 06:17:55
289,运动鞋_0289,3,7,206.67,488,上架,2025-09-27 01:36:47
290,牛奶_0290,4,44,181.01,342,上架,2026-01-25 04:27:15
291,笔记本_0291,2,15,12173.88,60,上架,2025-12-10 16:03:45
292,耳机_0292,9,29,619.76,409,下架,2025-12-31 23:33:19
293,哑铃_0293,7,30,339.98,437,上架,2026-03-11 21:07:57
294,平板_0294,1,47,6583.54,30,上架,2026-02-26 03:04:00
295,纸巾_0295,5,37,340.45,309,上架,2026-02-17 15:32:33
296,面膜_0296,6,62,207.67,374,上架,2026-01-27 16:31:13
297,手办_0297,8,88,169.39,276,上架,2025-10-27 22:21:48
298,教材_0298,8,45,241.51,107,下架,2025-11-24 01:05:20
299,瑜伽垫_0299,7,47,1763.97,137,上架,2026-02-16 09:11:21
300,面膜_0300,6,20,95.28,413,上架,2025-12-29 01:38:21
301,收纳箱_0301,5,31,39.64,428,上架,2026-01-23 05:33:00
302,瑜伽垫_0302,7,31,1748.07,62,上架,2025-12-31 09:41:46
303,键盘_0303,9,83,558.77,10,上架,2025-11-17 03:11:35
304,笔记本_0304,2,98,11739.85,306,上架,2026-01-09 10:35:36
305,运动鞋_0305,3,15,304.88,183,上架,2025-11-29 09:25:08
306,鼠标_0306,9,42,373.83,36,上架,2026-01-29 08:13:05
307,水杯_0307,5,85,134.28,302,上架,2025-12-06 13:04:22
308,果汁_0308,4,33,187.24,68,上架,2026-02-13 17:00:00
309,跑鞋_0309,7,83,1508.56,428,上架,2026-02-21 18:00:36
310,双肩包_0310,3,5,93.28,236,上架,2026-02-10 22:17:56
311,台灯_0311,5,26,85.12,405,上架,2025-12-17 23:53:51
312,智能手表_0312,1,76,9389.49,494,下架,2025-11-10 09:25:18
313,笔记本_0313,2,77,11379.14,102,上架,2026-02-11 00:46:02
314,面膜_0314,6,86,127.58,103,上架,2026-03-18 10:02:44
315,牛奶_0315,4,88,162.93,145,下架,2025-12-12 21:43:23
316,粉底液_0316,6,95,65.9,221,上架,2025-11-03 17:24:08
317,水杯_0317,5,58,332.19,485,下架,2025-12-05 04:41:09
318,纸巾_0318,5,57,264.3,401,下架,2026-01-07 13:47:40
319,键盘_0319,9,96,569.27,138,上架,2026-02-25 22:48:16
320,牛仔裤_0320,3,51,508.86,10,上架,2025-12-03 02:47:40
321,收纳箱_0321,5,2,313.96,24,上架,2025-09-28 05:41:19
322,智能手表_0322,1,39,2597.26,161,上架,2025-11-09 16:03:32
323,充电器_0323,1,93,4607.78,253,上架,2026-02-09 19:15:00
324,粉底液_0324,6,64,114.83,410,上架,2026-03-11 15:51:04
325,鼠标_0325,9,100,295.47,10,上架,2026-03-01 03:02:26
326,耳麦_0326,8,40,275.27,113,下架,2026-03-02 09:28:58
327,零食_0327,4,2,47.63,266,上架,2025-12-05 05:16:03
328,漫画_0328,8,79,105.3,307,上架,2025-11-18 16:50:38
329,牛仔裤_0329,3,19,398.2,131,上架,2026-02-24 13:51:34
330,耳麦_0330,8,85,110.73,146,上架,2025-10-21 23:07:37
331,充电器_0331,1,97,8706.55,357,上架,2025-10-02 08:44:27
332,瑜伽垫_0332,7,30,637.11,395,上架,2025-10-28 19:33:46
333,收纳箱_0333,5,35,159.46,379,上架,2026-01-17 14:51:18
334,跑鞋_0334,7,94,380.27,84,上架,2025-10-01 15:12:14
335,运动鞋_0335,3,29,540.1,80,上架,2025-12-07 19:08:55
336,手办_0336,8,89,138.73,366,上架,2026-01-16 21:38:44
337,耳麦_0337,8,77,268.11,169,上架,2026-02-23 18:10:06
338,打印机_0338,2,37,14598.49,218,上架,2025-11-22 18:41:16
339,智能手表_0339,1,47,2825.29,32,上架,2026-01-02 09:36:35
340,笔记本_0340,2,97,11134.12,460,上架,2025-10-05 00:06:42
341,鼠标_0341,9,3,564.51,258,上架,2026-03-19 10:03:10
342,牛奶_0342,4,100,65.86,152,上架,2026-02-03 16:02:32
343,鼠标_0343,9,76,592.68,488,上架,2025-12-09 19:09:16
344,洗面奶_0344,6,5,240.52,488,上架,2026-02-13 12:24:13
345,牛奶_0345,4,29,42.78,177,上架,2026-02-20 18:13:38
346,显示器_0346,2,91,12039.65,90,上架,2025-12-15 16:57:49
347,跑鞋_0347,7,66,724.58,16,上架,2026-02-10 22:41:44
348,水杯_0348,5,39,386.29,167,上架,2025-10-03 09:02:57
349,咖啡_0349,4,2,171.26,445,上架,2025-10-11 06:44:29
350,键盘_0350,9,92,873.32,352,上架,2026-03-19 22:36:11
351,充电器_0351,1,29,8931.28,198,上架,2025-12-20 23:23:44
352,粉底液_0352,6,14,307.7,164,上架,2026-02-21 13:09:02
353,瑜伽垫_0353,7,94,403.13,151,上架,2026-01-09 02:00:48
354,T恤_0354,3,27,376.41,433,上架,2025-10-04 18:53:06
355,打印机_0355,2,28,8259.82,371,下架,2025-10-31 19:21:33
356,水杯_0356,5,52,228.75,356,上架,2025-10-08 16:57:28
357,面膜_0357,6,14,237.22,343,上架,2025-10-19 18:56:27
358,果汁_0358,4,40,184.58,172,下架,2026-02-06 22:43:17
359,咖啡_0359,4,77,141.21,149,上架,2026-01-16 10:23:25
360,连衣裙_0360,3,19,517.04,478,上架,2026-02-12 18:33:48
361,防晒霜_0361,6,94,165.5,480,上架,2025-12-18 08:06:50
362,连衣裙_0362,3,16,113.18,214,上架,2026-01-04 00:56:11
363,笔记本_0363,2,75,10962.04,110,下架,2026-01-23 14:18:48
364,面包_0364,4,43,193.32,54,上架,2025-10-03 18:12:37
365,洗面奶_0365,6,76,308.09,412,上架,2026-02-13 05:55:46
366,篮球_0366,7,9,1519.03,407,上架,2025-12-10 12:13:07
367,键盘_0367,9,52,961.15,197,上架,2025-11-08 11:56:43
368,教材_0368,8,4,212.12,209,上架,2026-01-20 19:36:42
369,充电器_0369,1,58,2534.8,115,上架,2026-02-21 21:30:00
370,运动鞋_0370,3,81,597.72,380,上架,2025-11-19 18:41:21
371,鼠标_0371,9,74,560.05,74,上架,2025-12-03 04:44:02
372,水杯_0372,5,81,205.65,369,上架,2025-11-07 10:33:51
373,跑鞋_0373,7,82,306.8,426,上架,2025-10-17 18:51:51
374,面包_0374,4,28,9.7,166,上架,2026-03-01 13:45:24
375,耳麦_0375,8,11,258.72,222,上架,2025-10-12 12:53:54
376,零食_0376,4,86,65.99,451,下架,2026-02-20 05:02:06
377,漫画_0377,8,80,42.53,453,下架,2026-01-16 12:51:51
378,运动鞋_0378,3,45,747.36,484,上架,2026-01-06 07:58:22
379,面膜_0379,6,51,68.67,380,下架,2025-12-22 18:28:17
380,跑鞋_0380,7,15,94.7,491,上架,2025-11-22 10:16:51
381,牛奶_0381,4,95,59.47,190,上架,2025-11-04 22:02:43
382,手机_0382,1,83,3578.22,62,上架,2026-03-24 02:24:56
383,连衣裙_0383,3,74,291.45,373,上架,2025-12-30 06:03:01
384,收纳箱_0384,5,90,368.14,431,上架,2025-11-21 06:30:49
385,瑜伽垫_0385,7,12,1971.45,484,上架,2025-10-08 08:58:27
386,耳麦_0386,8,52,252.86,45,上架,2025-10-19 19:06:29
387,帐篷_0387,7,66,1441.47,384,上架,2026-03-16 10:55:08
388,台灯_0388,5,75,290.86,251,上架,2025-11-12 14:46:34
389,瑜伽垫_0389,7,8,1755.43,117,上架,2026-01-08 18:19:15
390,咖啡_0390,4,21,83.43,255,下架,2026-02-02 14:17:25
391,帐篷_0391,7,28,644.69,158,上架,2026-03-02 00:11:55
392,双肩包_0392,3,83,210.65,365,上架,2026-01-28 23:52:19
393,鼠标_0393,9,14,411.18,397,上架,2025-11-12 08:43:41
394,键盘_0394,9,39,963.59,346,上架,2025-12-02 04:59:33
395,果汁_0395,4,50,37.86,107,上架,2025-12-01 22:57:05
396,牛仔裤_0396,3,60,647.75,277,上架,2025-11-25 04:08:16
397,漫画_0397,8,94,188.47,150,上架,2026-02-27 05:54:08
398,显示器_0398,2,44,13279.53,158,上架,2026-01-19 02:09:43
399,充电器_0399,1,68,3401.79,226,上架,2026-01-21 06:43:51
400,水杯_0400,5,93,109.54,497,上架,2026-03-24 13:46:37
401,耳机_0401,9,71,249.27,262,上架,2025-11-21 14:58:30
402,笔记本_0402,2,64,4743.8,211,上架,2025-10-15 05:26:59
403,水杯_0403,5,99,152.65,305,上架,2025-11-05 05:55:38
404,洗衣液_0404,5,98,359.65,103,上架,2025-12-08 08:20:25
405,面膜_0405,6,81,214.59,367,上架,2025-10-04 08:17:37
406,耳麦_0406,8,75,42.76,379,上架,2026-03-20 11:27:57
407,耳机_0407,9,35,731.36,198,上架,2025-12-18 12:28:29
408,手机_0408,1,95,8603.7,379,上架,2025-12-10 17:11:33
409,键盘_0409,9,96,755.22,394,上架,2025-10-17 12:37:15
410,面膜_0410,6,32,118.9,431,上架,2025-12-16 23:26:32
411,牛奶_0411,4,40,128.75,187,上架,2025-11-21 20:34:47
412,手机_0412,1,20,2261.72,55,上架,2025-12-23 17:32:08
413,耳机_0413,9,33,805.01,314,上架,2025-10-09 06:08:25
414,漫画_0414,8,80,287.37,367,上架,2026-03-10 08:41:11
415,口红_0415,6,54,103.55,104,上架,2026-01-31 22:13:44
416,手机_0416,1,95,7104.37,150,上架,2025-11-05 02:38:38
417,手机_0417,1,11,8640.43,472,下架,2025-12-10 15:05:24
418,双肩包_0418,3,88,514.87,175,上架,2025-11-29 05:33:45
419,小说_0419,8,73,46.97,197,上架,2025-12-26 00:57:15
420,耳机_0420,9,96,925.03,440,上架,2025-12-15 07:33:27
421,瑜伽垫_0421,7,7,163.79,21,上架,2025-10-26 05:27:25
422,笔记本_0422,2,51,9521.61,284,上架,2025-11-08 07:03:03
423,T恤_0423,3,33,72.69,250,上架,2026-03-23 08:27:25
424,显示器_0424,2,100,3822.32,489,上架,2026-01-22 01:46:47
425,键盘_0425,9,58,245.36,156,下架,2025-10-18 21:00:48
426,显示器_0426,2,9,10836.64,412,上架,2026-02-14 00:43:56
427,打印机_0427,2,88,5897.59,112,上架,2025-11-14 03:09:02
428,手机_0428,1,69,4843.0,197,上架,2025-11-05 09:50:31
429,充电器_0429,1,23,2229.75,435,上架,2025-12-08 05:31:32
430,笔记本_0430,2,1,9063.45,171,上架,2026-03-17 14:05:00
431,手办_0431,8,77,135.92,68,上架,2025-11-19 19:26:48
432,平板_0432,1,27,9389.33,230,上架,2025-10-17 09:37:27
433,耳麦_0433,8,91,284.94,130,下架,2026-03-01 19:39:49
434,面包_0434,4,20,140.58,218,上架,2026-03-15 13:41:14
435,运动鞋_0435,3,42,513.54,394,上架,2025-11-12 04:52:52
436,笔记本_0436,2,22,14331.87,90,上架,2026-01-20 12:43:53
437,显示器_0437,2,23,7247.21,25,上架,2025-10-23 00:15:01
438,手机_0438,1,65,7532.13,261,上架,2025-11-08 16:25:12
439,牛仔裤_0439,3,51,645.63,375,上架,2025-12-19 04:23:44
440,台灯_0440,5,6,35.09,395,上架,2025-10-18 06:58:48
441,洗面奶_0441,6,28,138.41,342,上架,2025-12-04 00:31:13
442,鼠标_0442,9,17,699.76,75,上架,2026-02-10 13:28:43
443,洗面奶_0443,6,94,389.5,95,下架,2026-02-12 22:27:54
444,牛仔裤_0444,3,19,507.34,200,上架,2025-11-04 10:53:42
445,跑鞋_0445,7,79,1068.04,410,上架,2026-01-10 06:28:05
446,果汁_0446,4,18,136.3,475,上架,2025-12-17 01:22:27
447,运动鞋_0447,3,4,691.57,177,上架,2026-01-22 05:11:19
448,键盘_0448,9,71,974.76,208,上架,2026-01-18 02:56:00
449,平板_0449,1,9,2780.39,340,下架,2025-12-25 21:32:55
450,牛奶_0450,4,68,178.62,343,上架,2025-12-29 09:46:57
451,充电器_0451,1,1,6866.28,69,上架,2026-01-20 12:57:00
452,洗面奶_0452,6,6,283.99,493,下架,2025-11-03 11:08:26
453,口红_0453,6,95,483.35,179,上架,2026-02-18 20:13:32
454,键盘_0454,9,67,986.21,407,上架,2025-11-23 04:25:06
455,粉底液_0455,6,50,398.58,208,上架,2026-01-24 14:07:34
456,零食_0456,4,14,46.66,161,上架,2025-10-15 12:10:28
457,收纳箱_0457,5,95,466.53,32,上架,2026-03-10 02:23:17
458,洗衣液_0458,5,49,306.52,118,上架,2026-02-09 04:57:23
459,面包_0459,4,45,54.63,12,上架,2025-10-08 09:13:18
460,收纳箱_0460,5,81,382.06,153,上架,2026-01-09 03:26:51
461,手办_0461,8,71,279.13,430,上架,2025-10-26 06:30:37
462,瑜伽垫_0462,7,40,392.56,123,上架,2025-11-23 09:42:18
463,果汁_0463,4,70,128.43,27,下架,2026-03-15 07:27:38
464,打印机_0464,2,56,9299.05,257,上架,2025-12-27 14:10:27
465,果汁_0465,4,27,20.86,211,上架,2025-10-21 11:32:51
466,平板_0466,1,26,5644.33,383,上架,2025-11-18 02:24:09
467,防晒霜_0467,6,63,419.49,309,上架,2026-02-02 12:13:36
468,笔记本_0468,2,54,6393.78,481,上架,2026-02-09 16:45:00
469,手机_0469,1,72,6938.88,241,下架,2026-03-18 02:27:15
470,智能手表_0470,1,89,6171.54,392,上架,2025-12-27 05:20:57
471,粉底液_0471,6,26,421.08,154,上架,2025-11-01 23:36:42
472,T恤_0472,3,71,745.39,194,上架,2025-12-18 04:56:33
473,手机_0473,1,36,7787.49,250,上架,2025-11-12 09:09:00
474,耳机_0474,9,16,670.49,239,上架,2025-10-05 11:30:34
475,果汁_0475,4,34,50.92,101,下架,2025-12-30 06:14:14
476,打印机_0476,2,8,14053.45,229,上架,2026-02-27 02:51:37
477,鼠标_0477,9,54,763.11,231,上架,2025-11-01 07:11:10
478,水杯_0478,5,61,397.63,167,上架,2026-01-23 08:20:24
479,耳麦_0479,8,41,81.77,235,上架,2025-12-03 14:26:26
480,鼠标_0480,9,16,816.26,483,上架,2026-01-19 04:37:12
481,牛奶_0481,4,46,191.27,182,上架,2026-01-23 19:39:29
482,T恤_0482,3,72,115.69,125,上架,2025-12-19 23:35:36
483,咖啡_0483,4,58,45.21,258,上架,2025-11-16 09:45:52
484,水杯_0484,5,59,30.24,267,上架,2025-10-05 13:28:27
485,小说_0485,8,38,225.54,61,上架,2025-11-29 02:56:32
486,跑鞋_0486,7,63,1310.99,301,上架,2025-11-02 04:14:08
487,面膜_0487,6,20,438.09,338,上架,2025-12-26 18:59:25
488,键盘_0488,9,89,143.81,436,上架,2025-10-25 03:46:45
489,牛仔裤_0489,3,74,732.49,152,上架,2026-02-26 15:41:05
490,平板_0490,1,84,2245.52,341,上架,2026-02-05 13:52:51
491,T恤_0491,3,20,246.86,356,上架,2026-03-24 05:11:31
492,漫画_0492,8,6,146.24,97,上架,2026-01-05 03:32:23
493,鼠标_0493,9,100,401.11,459,上架,2026-03-24 12:26:51
494,牛仔裤_0494,3,57,647.28,256,上架,2025-11-10 16:41:27
495,T恤_0495,3,55,764.95,184,上架,2025-11-28 07:05:16
496,打印机_0496,2,23,10756.66,59,上架,2026-01-13 11:17:42
497,果汁_0497,4,60,58.74,44,上架,2026-03-01 10:36:07
498,T恤_0498,3,85,783.78,389,上架,2025-12-16 07:45:15
499,漫画_0499,8,7,289.15,10,上架,2025-10-25 17:08:01
500,小说_0500,8,81,113.28,228,下架,2026-01-21 17:12:02
501,果汁_0501,4,72,163.58,304,上架,2025-11-24 20:18:11
502,洗衣液_0502,5,40,165.36,447,上架,2026-01-20 06:19:31
503,水杯_0503,5,52,65.44,383,上架,2026-01-11 06:52:40
504,耳机_0504,9,55,122.41,476,上架,2026-01-25 15:43:32
505,鼠标_0505,9,57,432.26,491,上架,2025-12-23 10:08:57
506,哑铃_0506,7,66,1062.92,98,上架,2026-02-20 22:36:57
507,跑鞋_0507,7,45,1324.15,388,上架,2026-02-17 10:33:05
508,充电器_0508,1,29,2431.08,280,上架,2026-03-16 16:39:10
509,篮球_0509,7,55,1323.41,499,上架,2025-12-22 05:35:36
510,T恤_0510,3,42,307.24,196,上架,2026-01-06 01:12:53
511,水杯_0511,5,19,355.37,361,上架,2026-03-25 21:42:26
512,零食_0512,4,52,162.3,184,上架,2026-02-01 13:28:00
513,智能手表_0513,1,92,5416.22,239,上架,2025-10-14 13:35:25
514,笔记本_0514,2,22,8258.17,224,上架,2026-01-05 20:44:49
515,防晒霜_0515,6,50,307.52,448,上架,2026-01-17 17:32:25
516,手机_0516,1,20,7210.56,274,上架,2026-03-04 09:44:56
517,充电器_0517,1,40,3078.33,88,上架,2026-01-10 16:58:04
518,笔记本_0518,2,32,11551.75,285,上架,2025-11-09 14:00:41
519,鼠标_0519,9,5,139.08,103,下架,2025-11-03 23:02:21
520,瑜伽垫_0520,7,14,201.48,426,上架,2026-01-27 21:38:21
521,洗面奶_0521,6,17,373.46,132,上架,2025-11-10 20:10:16
522,跑鞋_0522,7,41,1765.44,127,上架,2025-11-11 00:38:33
523,手机_0523,1,93,2662.92,81,上架,2025-10-29 20:13:26
524,台灯_0524,5,30,129.9,100,上架,2026-01-12 06:35:23
525,平板_0525,1,82,4485.47,332,上架,2026-01-10 19:28:55
526,哑铃_0526,7,81,567.22,144,上架,2026-02-28 17:07:52
527,面包_0527,4,48,35.25,496,上架,2025-11-21 02:55:06
528,显示器_0528,2,42,13533.34,14,上架,2025-10-13 17:40:41
529,打印机_0529,2,25,3014.67,251,上架,2026-01-05 16:03:16
530,打印机_0530,2,40,9788.59,284,下架,2025-12-19 03:02:58
531,连衣裙_0531,3,75,339.15,255,上架,2026-02-27 08:55:55
532,键盘_0532,9,56,585.41,469,上架,2025-12-19 09:00:35
533,教材_0533,8,93,74.05,11,上架,2026-02-26 20:50:04
534,平板_0534,1,15,6535.59,83,上架,2025-10-30 04:37:12
535,防晒霜_0535,6,16,427.72,237,上架,2025-12-18 19:55:31
536,运动鞋_0536,3,98,120.7,100,上架,2025-11-16 12:18:14
537,哑铃_0537,7,65,1137.9,326,上架,2026-01-14 05:36:27
538,手机_0538,1,46,6781.83,215,上架,2026-01-03 08:37:28
539,平板_0539,1,59,2809.61,91,上架,2025-09-28 04:26:24
540,耳机_0540,9,83,811.44,361,上架,2026-03-23 00:38:56
541,牛奶_0541,4,10,119.07,255,上架,2025-09-28 01:51:21
542,面膜_0542,6,70,180.82,259,上架,2025-10-02 13:10:29
543,键盘_0543,9,74,367.75,62,上架,2026-01-19 01:10:11
544,手办_0544,8,90,297.97,231,上架,2026-02-24 11:05:40
545,防晒霜_0545,6,78,309.02,356,上架,2025-11-04 01:58:55
546,台灯_0546,5,73,285.26,261,上架,2025-10-13 04:36:46
547,帐篷_0547,7,20,242.35,432,上架,2025-09-27 01:51:13
548,平板_0548,1,49,9757.89,283,上架,2025-12-04 20:00:03
549,粉底液_0549,6,21,157.67,275,上架,2026-02-25 06:00:38
550,耳机_0550,9,77,346.92,143,上架,2025-12-08 19:28:12
551,小说_0551,8,27,296.08,341,上架,2025-10-25 20:37:00
552,耳麦_0552,8,13,71.46,72,上架,2025-12-29 22:34:25
553,瑜伽垫_0553,7,88,628.54,300,上架,2025-10-27 00:31:31
554,充电器_0554,1,46,5647.38,109,上架,2025-10-17 06:11:14
555,洗衣液_0555,5,83,448.77,355,上架,2026-03-07 07:03:58
556,连衣裙_0556,3,18,382.53,285,上架,2026-01-14 15:02:52
557,粉底液_0557,6,9,363.74,74,上架,2025-10-22 17:57:33
558,双肩包_0558,3,66,138.56,430,上架,2026-02-02 21:07:25
559,洗衣液_0559,5,55,362.07,25,下架,2025-11-07 17:23:48
560,笔记本_0560,2,16,6118.42,268,上架,2025-12-18 00:49:20
561,耳麦_0561,8,17,174.98,400,上架,2025-11-15 02:46:21
562,手机_0562,1,21,3982.68,89,上架,2025-11-29 06:41:36
563,打印机_0563,2,24,13863.27,290,上架,2025-12-31 17:24:15
564,篮球_0564,7,15,1714.28,164,上架,2025-10-26 14:16:11
565,平板_0565,1,38,9064.92,384,上架,2025-10-27 00:51:33
566,口红_0566,6,83,312.88,431,上架,2026-01-24 19:23:08
567,漫画_0567,8,89,78.01,60,上架,2026-03-04 07:53:37
568,面包_0568,4,82,140.08,411,上架,2025-10-20 23:03:43
569,鼠标_0569,9,6,675.59,405,上架,2025-10-08 10:46:53
570,耳麦_0570,8,10,174.23,207,上架,2026-02-06 04:48:34
571,打印机_0571,2,62,11801.6,210,上架,2025-12-22 20:17:02
572,漫画_0572,8,41,174.33,30,上架,2026-02-28 04:26:36
573,手办_0573,8,7,223.94,129,上架,2026-02-25 03:08:05
574,收纳箱_0574,5,3,399.53,73,上架,2026-01-14 17:24:02
575,运动鞋_0575,3,30,623.13,490,上架,2025-10-30 11:41:06
576,漫画_0576,8,83,256.94,350,上架,2025-10-31 08:14:47
577,牛仔裤_0577,3,96,127.28,448,下架,2026-02-25 14:56:02
578,充电器_0578,1,13,2213.65,258,上架,2025-12-27 15:27:51
579,小说_0579,8,27,49.44,73,下架,2026-02-24 00:15:53
580,耳机_0580,9,36,143.16,263,上架,2026-01-11 14:04:40
581,哑铃_0581,7,47,758.55,437,上架,2026-03-09 10:31:05
582,小说_0582,8,26,261.06,486,上架,2026-03-06 15:55:53
583,收纳箱_0583,5,95,60.86,141,上架,2025-10-18 06:37:56
584,粉底液_0584,6,98,142.85,460,上架,2025-11-15 05:26:01
585,显示器_0585,2,38,14526.45,476,上架,2026-03-09 05:35:36
586,粉底液_0586,6,39,275.74,469,上架,2026-03-01 09:20:46
587,笔记本_0587,2,61,8635.15,294,下架,2025-11-12 09:52:44
588,手办_0588,8,34,287.53,280,上架,2025-09-29 23:30:22
589,运动鞋_0589,3,28,684.96,165,上架,2025-12-14 20:23:24
590,收纳箱_0590,5,39,373.62,488,下架,2025-12-07 23:26:04
591,连衣裙_0591,3,80,396.02,141,上架,2026-01-03 23:02:08
592,果汁_0592,4,33,134.4,61,上架,2026-03-10 03:37:53
593,口红_0593,6,88,170.48,357,下架,2026-02-23 04:16:18
594,智能手表_0594,1,76,7912.35,21,上架,2025-12-30 12:03:10
595,平板_0595,1,69,8989.82,319,上架,2025-11-01 20:24:08
596,篮球_0596,7,65,653.99,421,上架,2025-09-28 02:32:52
597,帐篷_0597,7,23,619.28,339,上架,2025-12-26 19:13:51
598,连衣裙_0598,3,73,222.75,139,上架,2025-12-04 13:46:15
599,充电器_0599,1,19,9862.51,264,上架,2026-01-25 01:26:46
600,面膜_0600,6,1,105.78,474,上架,2025-10-10 21:14:02
601,哑铃_0601,7,6,1287.47,342,上架,2025-10-06 10:11:41
602,鼠标_0602,9,99,697.84,141,上架,2025-11-13 04:40:06
603,T恤_0603,3,35,69.91,161,上架,2025-11-19 10:46:57
604,小说_0604,8,5,227.29,61,上架,2026-03-08 08:56:23
605,打印机_0605,2,59,14960.66,143,上架,2026-03-10 22:57:52
606,耳麦_0606,8,65,264.08,163,上架,2026-03-03 14:48:31
607,智能手表_0607,1,57,4725.8,359,上架,2026-01-09 04:26:32
608,面膜_0608,6,43,373.19,460,上架,2025-10-26 13:57:03
609,显示器_0609,2,5,13399.29,224,上架,2025-10-24 09:55:54
610,鼠标_0610,9,62,324.06,265,上架,2025-11-06 12:33:59
611,咖啡_0611,4,7,86.28,416,上架,2025-12-09 06:38:20
612,帐篷_0612,7,16,1623.03,270,上架,2025-10-24 07:50:36
613,平板_0613,1,10,7820.79,249,上架,2026-01-10 13:24:11
614,纸巾_0614,5,51,98.96,415,上架,2025-12-24 02:55:48
615,鼠标_0615,9,31,291.46,102,上架,2025-12-18 06:54:50
616,纸巾_0616,5,95,55.84,45,上架,2026-03-10 10:32:38
617,鼠标_0617,9,33,704.45,259,上架,2025-12-18 06:12:05
618,平板_0618,1,31,5621.4,302,下架,2026-01-14 18:29:46
619,洗面奶_0619,6,17,159.96,180,上架,2025-12-10 20:14:35
620,洗衣液_0620,5,19,181.38,44,上架,2025-10-27 12:58:49
621,面包_0621,4,65,13.09,224,上架,2026-03-15 10:11:15
622,果汁_0622,4,55,126.8,21,上架,2025-10-12 02:58:25
623,洗面奶_0623,6,37,374.06,357,上架,2026-01-02 07:23:22
624,耳麦_0624,8,39,152.04,60,上架,2025-12-10 11:38:42
625,充电器_0625,1,9,4685.69,315,下架,2025-12-21 10:32:14
626,台灯_0626,5,66,104.68,234,上架,2025-10-28 17:05:10
627,面包_0627,4,36,190.08,226,上架,2025-10-13 22:43:11
628,鼠标_0628,9,38,129.62,237,上架,2026-01-27 08:20:54
629,牛奶_0629,4,73,8.89,443,下架,2025-12-29 15:44:15
630,耳麦_0630,8,35,229.32,394,上架,2026-01-13 04:06:59
631,连衣裙_0631,3,33,706.23,287,上架,2026-01-03 10:39:10
632,小说_0632,8,53,40.61,249,上架,2026-01-23 12:06:24
633,教材_0633,8,30,134.44,62,上架,2026-03-23 18:45:22
634,教材_0634,8,82,253.77,35,上架,2025-11-16 21:23:54
635,纸巾_0635,5,60,152.46,323,上架,2026-03-22 16:06:02
636,笔记本_0636,2,99,7480.42,438,上架,2026-02-27 04:17:12
637,耳机_0637,9,46,133.07,438,上架,2026-01-05 23:57:06
638,键盘_0638,9,33,159.02,270,上架,2026-02-06 23:50:12
639,篮球_0639,7,53,341.53,73,上架,2025-11-22 14:55:21
640,跑鞋_0640,7,6,1585.86,139,下架,2026-02-08 22:44:44
641,笔记本_0641,2,24,6576.96,59,上架,2026-03-07 12:27:19
642,智能手表_0642,1,31,9165.83,467,上架,2025-12-30 07:47:29
643,果汁_0643,4,8,185.03,253,上架,2026-02-09 08:49:15
644,键盘_0644,9,95,425.25,156,上架,2026-03-06 17:12:31
645,跑鞋_0645,7,15,92.62,309,下架,2026-02-01 05:07:00
646,教材_0646,8,26,218.96,51,上架,2025-11-14 02:50:17
647,牛仔裤_0647,3,47,129.07,360,上架,2025-09-29 05:20:56
648,耳麦_0648,8,71,269.8,209,上架,2025-10-21 08:30:00
649,打印机_0649,2,60,14370.78,487,上架,2025-12-11 03:05:07
650,运动鞋_0650,3,93,522.32,50,上架,2025-11-14 01:33:19
651,打印机_0651,2,75,11250.82,95,上架,2025-12-09 10:14:49
652,耳机_0652,9,35,624.59,479,上架,2026-01-13 18:58:17
653,运动鞋_0653,3,65,350.77,151,下架,2026-01-11 16:57:15
654,小说_0654,8,87,171.59,476,上架,2025-10-06 06:39:08
655,鼠标_0655,9,62,147.51,213,上架,2025-12-26 01:03:06
656,显示器_0656,2,73,12304.33,66,上架,2026-01-31 06:50:59
657,笔记本_0657,2,29,9176.88,316,上架,2026-02-08 07:51:36
658,跑鞋_0658,7,38,1415.33,468,上架,2026-03-15 08:16:45
659,打印机_0659,2,31,4415.9,201,上架,2025-11-12 19:35:34
660,平板_0660,1,5,4922.38,64,上架,2025-11-22 09:59:07
661,帐篷_0661,7,59,1079.38,112,上架,2026-03-05 18:22:36
662,笔记本_0662,2,78,7053.18,484,上架,2025-10-31 11:30:53
663,显示器_0663,2,12,12233.15,384,上架,2025-12-26 19:08:11
664,面包_0664,4,74,102.34,84,上架,2025-11-08 07:04:17
665,手机_0665,1,3,8222.45,101,上架,2025-11-14 08:39:37
666,手办_0666,8,90,177.72,64,上架,2026-01-10 11:41:09
667,哑铃_0667,7,99,1757.83,71,上架,2026-03-08 19:21:13
668,连衣裙_0668,3,34,221.68,197,上架,2026-03-09 10:08:21
669,咖啡_0669,4,42,163.84,149,上架,2025-11-26 17:52:01
670,洗衣液_0670,5,24,75.61,83,上架,2025-12-23 13:52:13
671,平板_0671,1,41,4206.59,106,上架,2025-10-30 21:47:16
672,运动鞋_0672,3,58,633.92,383,上架,2026-02-09 22:10:39
673,运动鞋_0673,3,56,553.35,185,上架,2026-01-16 03:08:01
674,果汁_0674,4,98,185.43,175,上架,2026-02-12 04:05:57
675,打印机_0675,2,20,9861.35,425,上架,2025-11-08 21:23:54
676,耳机_0676,9,97,763.86,456,上架,2026-02-22 06:25:57
677,笔记本_0677,2,89,11129.35,137,上架,2026-03-14 06:21:15
678,T恤_0678,3,15,290.31,446,上架,2026-01-11 03:29:43
679,教材_0679,8,23,155.89,201,上架,2025-11-09 01:13:10
680,口红_0680,6,82,375.04,354,上架,2025-09-29 19:19:12
681,面包_0681,4,56,152.8,207,上架,2025-10-22 01:33:15
682,平板_0682,1,67,8250.27,26,上架,2025-11-11 05:21:34
683,防晒霜_0683,6,29,255.31,382,上架,2025-10-14 07:00:19
684,耳机_0684,9,89,970.4,259,上架,2026-01-27 05:43:49
685,教材_0685,8,75,191.65,348,上架,2025-10-20 02:18:45
686,果汁_0686,4,49,73.49,150,上架,2025-12-27 20:27:06
687,面膜_0687,6,41,135.47,25,上架,2025-12-21 14:49:36
688,键盘_0688,9,91,581.7,313,上架,2025-11-19 08:39:27
689,果汁_0689,4,13,88.22,74,上架,2026-03-23 06:39:56
690,纸巾_0690,5,95,316.0,30,上架,2026-01-12 11:26:56
691,显示器_0691,2,42,9316.62,317,上架,2025-10-06 17:55:53
692,洗面奶_0692,6,83,356.57,212,上架,2026-01-22 11:09:08
693,显示器_0693,2,59,9994.83,154,下架,2026-01-05 01:22:33
694,水杯_0694,5,58,378.94,73,上架,2026-01-14 07:00:26
695,零食_0695,4,93,127.27,74,上架,2026-01-03 03:26:13
696,键盘_0696,9,22,746.32,291,上架,2025-11-12 00:57:22
697,防晒霜_0697,6,9,211.2,70,上架,2025-11-19 08:17:23
698,智能手表_0698,1,61,9098.65,127,上架,2026-02-01 04:42:49
699,显示器_0699,2,97,12882.57,228,上架,2026-02-08 20:12:00
700,纸巾_0700,5,18,57.34,450,上架,2025-10-15 05:57:26
701,打印机_0701,2,18,7400.35,19,上架,2026-01-02 08:56:43
702,平板_0702,1,81,4918.37,220,上架,2025-12-15 13:18:27
703,手办_0703,8,60,28.87,16,上架,2025-10-20 17:25:30
704,耳机_0704,9,93,671.22,75,上架,2026-01-13 10:05:05
705,粉底液_0705,6,25,194.96,320,上架,2026-01-10 12:03:37
706,充电器_0706,1,57,6428.87,289,下架,2025-09-29 11:15:57
707,纸巾_0707,5,55,35.96,474,上架,2025-10-01 19:05:00
708,耳麦_0708,8,16,155.06,13,上架,2025-10-08 20:38:19
709,小说_0709,8,74,112.37,114,上架,2025-12-22 22:32:52
710,耳麦_0710,8,18,206.5,45,上架,2025-10-20 04:03:12
711,耳麦_0711,8,52,56.79,285,上架,2025-11-29 01:17:13
712,T恤_0712,3,87,285.64,488,上架,2025-12-11 15:10:37
713,面包_0713,4,35,84.36,363,上架,2025-09-28 17:11:57
714,哑铃_0714,7,61,1794.65,348,上架,2026-02-17 12:53:55
715,跑鞋_0715,7,54,1072.9,130,上架,2025-09-29 12:45:59
716,平板_0716,1,67,7062.85,442,上架,2025-09-28 14:11:03
717,跑鞋_0717,7,55,1166.49,400,上架,2026-02-12 04:10:04
718,显示器_0718,2,83,3404.3,298,上架,2026-01-08 07:22:34
719,纸巾_0719,5,93,412.19,199,上架,2025-10-05 01:55:05
720,打印机_0720,2,52,4096.24,153,下架,2026-03-09 18:32:37
721,面膜_0721,6,25,240.07,339,下架,2026-01-07 06:27:55
722,键盘_0722,9,75,591.11,39,上架,2026-02-23 16:50:20
723,帐篷_0723,7,86,83.32,470,上架,2025-09-30 03:02:03
724,平板_0724,1,42,2154.63,209,上架,2026-01-04 05:02:15
725,耳麦_0725,8,67,204.67,232,上架,2025-10-18 04:46:10
726,手机_0726,1,74,4449.11,72,上架,2026-02-28 16:51:26
727,智能手表_0727,1,85,3114.82,254,上架,2025-11-22 14:01:06
728,防晒霜_0728,6,16,492.52,300,上架,2025-12-28 04:26:44
729,果汁_0729,4,83,156.65,74,上架,2026-02-13 16:54:18
730,显示器_0730,2,25,7907.14,185,上架,2026-01-17 20:04:48
731,帐篷_0731,7,98,668.5,181,上架,2025-09-28 12:11:46
732,小说_0732,8,10,34.01,376,上架,2025-10-24 10:31:44
733,运动鞋_0733,3,69,524.23,216,上架,2026-02-02 03:51:26
734,双肩包_0734,3,93,185.85,430,上架,2025-12-15 04:08:33
735,运动鞋_0735,3,40,343.93,290,上架,2026-03-06 20:27:21
736,跑鞋_0736,7,58,677.91,20,上架,2026-02-13 14:58:29
737,洗面奶_0737,6,98,65.01,200,上架,2026-01-03 10:21:26
738,帐篷_0738,7,63,974.16,18,上架,2025-10-07 01:15:26
739,牛奶_0739,4,79,76.28,13,上架,2026-01-20 05:58:04
740,打印机_0740,2,9,11019.22,107,上架,2025-12-04 02:51:00
741,耳麦_0741,8,21,252.9,421,上架,2025-10-08 16:04:50
742,瑜伽垫_0742,7,61,1080.29,212,上架,2026-01-24 00:57:40
743,瑜伽垫_0743,7,81,129.19,412,上架,2025-09-27 16:54:40
744,粉底液_0744,6,5,402.93,41,上架,2025-12-07 14:10:32
745,充电器_0745,1,78,7570.52,392,下架,2026-01-11 13:14:34
746,牛仔裤_0746,3,88,216.43,428,下架,2026-02-21 06:27:58
747,防晒霜_0747,6,89,146.32,401,上架,2026-02-06 22:05:00
748,耳机_0748,9,38,816.23,68,上架,2025-10-18 18:58:49
749,篮球_0749,7,83,1361.52,163,下架,2026-03-07 08:58:10
750,双肩包_0750,3,84,467.99,269,上架,2025-11-23 03:44:14
751,连衣裙_0751,3,34,264.81,45,下架,2026-01-14 20:33:50
752,果汁_0752,4,31,112.52,355,上架,2026-03-18 03:23:52
753,收纳箱_0753,5,45,263.49,441,上架,2025-12-13 01:35:01
754,教材_0754,8,97,216.27,48,上架,2026-01-02 00:27:23
755,耳机_0755,9,12,914.54,27,上架,2025-12-19 21:31:31
756,打印机_0756,2,39,11969.39,154,上架,2025-11-11 12:00:18
757,手办_0757,8,40,22.67,326,上架,2025-12-13 15:20:05
758,帐篷_0758,7,76,1192.33,151,上架,2025-10-20 00:30:03
759,帐篷_0759,7,83,276.59,140,上架,2025-12-18 13:04:06
760,洗衣液_0760,5,47,318.14,94,上架,2025-10-09 16:27:50
761,耳麦_0761,8,28,181.14,433,上架,2025-09-27 21:53:26
762,口红_0762,6,72,295.95,440,上架,2025-11-09 04:59:33
763,耳麦_0763,8,58,246.52,494,上架,2026-02-15 00:49:04
764,智能手表_0764,1,68,4217.26,41,上架,2026-01-06 03:34:59
765,充电器_0765,1,14,9728.75,97,上架,2026-03-21 03:03:20
766,瑜伽垫_0766,7,93,1577.42,189,上架,2025-11-05 01:52:41
767,哑铃_0767,7,42,205.82,496,下架,2026-03-08 19:10:23
768,打印机_0768,2,36,10478.09,260,上架,2025-10-01 13:08:33
769,台灯_0769,5,25,108.52,433,上架,2026-03-15 09:38:34
770,手办_0770,8,61,177.27,361,上架,2026-01-16 07:26:21
771,耳机_0771,9,75,616.02,353,上架,2026-03-20 23:54:12
772,面包_0772,4,53,13.73,219,上架,2025-10-13 22:14:03
773,打印机_0773,2,19,9212.92,65,上架,2026-02-26 20:47:22
774,运动鞋_0774,3,76,785.36,386,上架,2026-02-05 05:19:48
775,口红_0775,6,13,225.28,315,上架,2026-01-20 16:47:23
776,键盘_0776,9,31,629.92,140,下架,2025-11-10 15:26:20
777,面包_0777,4,95,194.81,88,上架,2026-02-18 15:18:27
778,平板_0778,1,11,3338.96,255,上架,2025-09-29 06:30:18
779,哑铃_0779,7,26,722.07,209,上架,2026-03-17 16:53:12
780,智能手表_0780,1,79,4695.36,154,上架,2026-03-14 07:26:51
781,耳机_0781,9,83,430.93,468,上架,2026-02-05 11:23:28
782,漫画_0782,8,55,56.07,240,上架,2026-01-07 04:28:25
783,双肩包_0783,3,19,769.89,34,上架,2026-03-15 00:44:12
784,帐篷_0784,7,46,1565.32,387,上架,2025-12-17 18:49:58
785,收纳箱_0785,5,60,247.85,245,上架,2026-03-15 06:05:10
786,牛奶_0786,4,83,112.13,500,上架,2025-12-04 08:27:21
787,耳机_0787,9,96,623.49,435,下架,2025-10-02 17:36:29
788,水杯_0788,5,25,324.57,401,上架,2025-11-24 04:09:47
789,哑铃_0789,7,44,119.37,404,上架,2025-11-22 19:21:38
790,牛奶_0790,4,5,131.24,239,上架,2025-12-22 11:23:21
791,纸巾_0791,5,33,471.79,35,下架,2026-01-09 11:30:18
792,面包_0792,4,82,84.49,399,上架,2025-12-22 14:49:34
793,笔记本_0793,2,59,7593.94,383,上架,2026-03-13 06:32:25
794,连衣裙_0794,3,93,327.92,207,上架,2025-11-14 19:57:36
795,手办_0795,8,47,114.17,214,下架,2026-03-23 10:46:24
796,洗面奶_0796,6,59,196.1,178,上架,2025-12-21 19:23:49
797,帐篷_0797,7,76,1331.53,439,上架,2025-10-26 20:35:28
798,哑铃_0798,7,5,1181.27,450,上架,2025-10-28 18:03:48
799,粉底液_0799,6,44,111.51,432,上架,2025-10-21 01:14:08
800,咖啡_0800,4,90,17.65,411,上架,2025-10-28 04:54:55
801,耳机_0801,9,98,452.74,46,上架,2026-02-18 03:16:26
802,打印机_0802,2,63,3114.86,21,上架,2026-01-01 01:53:42
803,鼠标_0803,9,15,814.07,253,上架,2026-03-01 11:13:56
804,篮球_0804,7,26,1300.95,182,上架,2025-12-21 15:30:56
805,耳机_0805,9,23,231.37,215,上架,2025-12-14 11:29:08
806,收纳箱_0806,5,17,47.87,486,上架,2025-11-08 22:25:49
807,哑铃_0807,7,70,506.9,43,上架,2025-11-23 21:27:06
808,手机_0808,1,41,3779.97,257,上架,2025-11-19 19:52:26
809,键盘_0809,9,19,995.36,372,下架,2026-01-08 21:03:36
810,T恤_0810,3,26,487.13,81,上架,2026-03-04 05:39:26
811,智能手表_0811,1,13,5566.39,12,下架,2025-10-19 00:26:36
812,键盘_0812,9,76,124.28,269,上架,2026-01-05 13:29:19
813,口红_0813,6,70,74.13,470,上架,2026-01-01 00:08:58
814,智能手表_0814,1,66,9629.92,450,上架,2025-11-20 18:28:17
815,牛奶_0815,4,18,194.55,37,上架,2025-12-30 10:25:00
816,充电器_0816,1,61,8426.12,311,上架,2025-10-19 06:37:17
817,洗面奶_0817,6,61,397.26,448,上架,2026-01-27 13:13:04
818,平板_0818,1,82,3338.63,252,上架,2026-02-26 04:49:17
819,帐篷_0819,7,32,569.38,118,上架,2025-12-11 11:39:58
820,打印机_0820,2,68,11856.76,454,上架,2026-03-05 17:52:12
821,手机_0821,1,100,2893.67,493,上架,2026-01-28 18:33:09
822,显示器_0822,2,95,4556.27,323,上架,2025-10-09 07:47:13
823,跑鞋_0823,7,7,999.32,482,上架,2025-10-27 07:50:37
824,打印机_0824,2,28,5859.59,453,上架,2026-02-22 06:49:15
825,水杯_0825,5,25,57.03,379,上架,2026-01-25 02:58:16
826,台灯_0826,5,17,406.12,227,上架,2025-11-24 16:51:43
827,收纳箱_0827,5,80,234.7,81,上架,2026-03-22 02:12:19
828,零食_0828,4,6,184.3,500,上架,2026-01-21 23:46:23
829,帐篷_0829,7,28,1706.47,221,上架,2025-12-10 19:34:27
830,咖啡_0830,4,28,87.62,394,上架,2025-10-03 18:53:47
831,打印机_0831,2,12,7905.07,247,上架,2025-11-25 18:43:46
832,鼠标_0832,9,74,375.71,118,上架,2026-01-12 18:19:44
833,防晒霜_0833,6,90,215.65,121,上架,2026-01-18 14:28:43
834,鼠标_0834,9,26,853.41,489,上架,2026-02-19 09:57:59
835,手机_0835,1,77,4015.01,448,上架,2026-03-05 22:38:24
836,水杯_0836,5,32,446.0,44,上架,2025-11-13 21:17:35
837,粉底液_0837,6,96,244.23,115,上架,2026-02-08 09:53:46
838,智能手表_0838,1,69,4147.43,109,上架,2026-01-30 05:58:19
839,瑜伽垫_0839,7,100,775.9,477,上架,2026-02-17 20:09:42
840,手办_0840,8,48,92.01,31,上架,2025-11-21 17:54:31
841,水杯_0841,5,93,145.82,230,下架,2026-01-21 05:11:40
842,漫画_0842,8,41,256.89,193,上架,2026-03-07 08:21:36
843,咖啡_0843,4,95,99.69,446,上架,2025-12-21 15:37:46
844,双肩包_0844,3,80,512.83,293,上架,2025-12-02 19:48:16
845,瑜伽垫_0845,7,61,431.61,361,上架,2026-01-04 10:51:50
846,手办_0846,8,74,77.88,95,上架,2025-11-16 03:42:33
847,零食_0847,4,68,117.52,491,上架,2026-03-17 14:53:50
848,鼠标_0848,9,4,741.44,240,上架,2025-10-14 16:26:32
849,粉底液_0849,6,46,421.79,70,上架,2026-01-08 06:35:10
850,耳机_0850,9,14,130.43,203,上架,2025-11-22 04:29:30
851,跑鞋_0851,7,81,463.55,445,上架,2026-01-27 23:16:54
852,小说_0852,8,58,108.86,353,上架,2026-03-07 02:00:24
853,鼠标_0853,9,76,853.96,353,上架,2025-10-17 21:30:14
854,笔记本_0854,2,16,6410.93,197,下架,2025-12-13 00:29:17
855,手办_0855,8,7,88.43,144,上架,2025-11-29 10:10:33
856,笔记本_0856,2,47,7094.33,127,上架,2025-10-11 23:33:07
857,运动鞋_0857,3,18,645.97,44,上架,2026-03-01 06:34:51
858,运动鞋_0858,3,30,700.06,95,下架,2026-02-19 16:28:05
859,面膜_0859,6,76,458.99,252,上架,2026-01-09 21:36:57
860,帐篷_0860,7,84,902.76,175,上架,2025-12-08 16:18:33
861,打印机_0861,2,4,8626.48,280,上架,2026-02-13 07:43:30
862,显示器_0862,2,67,14392.14,153,上架,2025-12-07 14:23:42
863,面膜_0863,6,77,340.46,424,下架,2025-11-06 09:45:52
864,台灯_0864,5,34,209.71,57,上架,2025-10-05 12:02:11
865,台灯_0865,5,27,196.43,284,上架,2025-11-23 10:47:03
866,双肩包_0866,3,90,646.42,221,上架,2026-03-03 17:45:54
867,面膜_0867,6,11,307.79,258,上架,2026-02-12 00:05:29
868,耳机_0868,9,17,980.74,497,上架,2025-11-07 23:04:52
869,T恤_0869,3,77,608.89,461,上架,2025-11-13 06:19:02
870,耳机_0870,9,19,884.31,296,上架,2025-09-30 02:31:42
871,耳麦_0871,8,12,257.04,377,上架,2026-02-22 07:53:42
872,洗衣液_0872,5,46,486.01,461,上架,2026-03-04 01:04:17
873,水杯_0873,5,36,148.65,490,上架,2025-09-30 11:13:44
874,漫画_0874,8,50,110.83,326,上架,2025-11-15 09:36:58
875,瑜伽垫_0875,7,30,1423.52,322,上架,2026-02-24 01:23:33
876,运动鞋_0876,3,78,547.0,96,下架,2025-10-24 19:37:27
877,纸巾_0877,5,71,101.4,66,上架,2025-11-26 03:00:43
878,键盘_0878,9,33,951.42,251,上架,2026-01-08 18:51:54
879,口红_0879,6,76,485.26,370,上架,2025-10-09 09:41:25
880,洗衣液_0880,5,48,124.89,475,下架,2025-12-07 10:52:45
881,耳机_0881,9,59,757.47,119,下架,2025-11-14 16:39:28
882,智能手表_0882,1,8,2856.61,91,上架,2025-12-04 21:50:19
883,收纳箱_0883,5,76,168.35,17,下架,2025-10-29 16:57:41
884,显示器_0884,2,80,6226.29,379,上架,2025-10-08 06:07:47
885,面膜_0885,6,3,319.57,450,上架,2026-03-15 04:06:19
886,哑铃_0886,7,28,1553.21,425,下架,2025-10-22 06:20:08
887,打印机_0887,2,32,10924.91,160,上架,2025-11-07 20:21:47
888,防晒霜_0888,6,20,198.13,344,上架,2025-10-21 10:28:18
889,智能手表_0889,1,74,7308.37,255,上架,2025-10-14 04:22:12
890,智能手表_0890,1,69,4158.88,17,上架,2026-03-10 22:02:56
891,充电器_0891,1,62,9280.99,351,上架,2025-12-05 22:51:50
892,面包_0892,4,24,178.65,478,上架,2025-11-18 08:24:32
893,牛仔裤_0893,3,38,719.95,343,上架,2026-02-15 20:39:45
894,耳机_0894,9,13,705.98,444,上架,2025-12-03 16:18:54
895,收纳箱_0895,5,59,88.83,59,上架,2026-02-10 12:48:18
896,鼠标_0896,9,70,398.46,159,上架,2025-10-09 12:31:18
897,瑜伽垫_0897,7,39,1062.86,454,上架,2025-10-22 03:00:43
898,笔记本_0898,2,21,14061.73,347,上架,2025-11-13 13:28:31
899,鼠标_0899,9,32,794.19,13,上架,2026-01-04 20:37:58
900,小说_0900,8,7,213.55,322,上架,2025-12-15 18:10:15
901,跑鞋_0901,7,66,332.41,283,上架,2026-03-01 07:08:44
902,面包_0902,4,85,198.05,168,上架,2026-02-12 08:20:58
903,手办_0903,8,92,119.88,354,上架,2026-01-21 12:13:40
904,笔记本_0904,2,97,13743.83,281,上架,2026-01-31 13:48:10
905,哑铃_0905,7,15,658.85,277,上架,2026-03-22 08:55:02
906,鼠标_0906,9,27,799.92,79,上架,2025-11-26 13:53:18
907,耳麦_0907,8,8,100.01,449,上架,2026-01-15 10:55:13
908,水杯_0908,5,91,476.53,349,上架,2025-12-17 14:15:52
909,连衣裙_0909,3,37,471.86,452,上架,2025-09-28 18:51:43
910,漫画_0910,8,90,244.95,152,上架,2025-11-09 23:08:14
911,帐篷_0911,7,88,1566.71,338,上架,2026-02-22 22:33:39
912,收纳箱_0912,5,62,112.74,87,上架,2025-11-08 05:53:49
913,显示器_0913,2,59,9310.3,85,下架,2026-03-09 15:21:06
914,键盘_0914,9,34,942.55,12,上架,2025-10-10 00:36:03
915,打印机_0915,2,41,6793.87,11,上架,2026-02-15 10:34:18
916,键盘_0916,9,90,683.81,442,上架,2026-02-14 05:58:58
917,手办_0917,8,32,290.54,77,上架,2025-10-26 11:41:54
918,耳机_0918,9,87,934.76,392,上架,2025-11-08 18:37:02
919,台灯_0919,5,15,366.34,37,下架,2026-03-08 11:11:52
920,鼠标_0920,9,66,411.76,393,上架,2025-10-17 21:25:47
921,牛仔裤_0921,3,31,773.11,449,上架,2025-10-09 09:39:43
922,防晒霜_0922,6,29,209.22,447,上架,2025-12-16 23:50:35
923,耳机_0923,9,94,771.11,371,下架,2025-10-16 01:55:52
924,T恤_0924,3,5,309.34,423,上架,2025-12-30 12:07:51
925,小说_0925,8,72,26.43,228,上架,2026-02-11 14:55:46
926,连衣裙_0926,3,24,339.91,10,下架,2026-03-11 10:10:24
927,小说_0927,8,51,91.35,369,上架,2025-12-26 11:48:59
928,瑜伽垫_0928,7,57,1273.97,11,上架,2026-03-07 15:09:33
929,瑜伽垫_0929,7,51,1215.74,485,上架,2026-03-11 15:03:29
930,水杯_0930,5,100,38.61,332,上架,2026-03-08 02:34:14
931,防晒霜_0931,6,23,232.78,450,上架,2025-12-05 03:41:20
932,零食_0932,4,91,11.97,404,上架,2026-01-28 23:25:40
933,连衣裙_0933,3,55,78.09,258,上架,2026-03-23 19:42:31
934,连衣裙_0934,3,62,344.16,204,上架,2026-03-24 11:49:08
935,平板_0935,1,42,8993.49,350,上架,2025-10-30 06:11:46
936,键盘_0936,9,66,822.34,453,上架,2025-10-18 22:59:29
937,显示器_0937,2,40,11715.75,331,上架,2025-11-12 06:39:41
938,面包_0938,4,50,65.21,433,下架,2025-11-04 06:34:03
939,笔记本_0939,2,81,12644.78,438,上架,2026-02-24 08:56:35
940,双肩包_0940,3,9,619.88,475,上架,2025-11-19 15:25:05
941,耳麦_0941,8,70,24.12,56,下架,2025-11-09 06:29:19
942,平板_0942,1,83,8715.58,107,上架,2025-11-28 10:13:24
943,粉底液_0943,6,41,488.67,271,下架,2026-03-02 08:02:27
944,手办_0944,8,34,108.96,432,上架,2025-10-11 21:36:04
945,笔记本_0945,2,16,5341.08,477,上架,2026-03-20 01:26:35
946,显示器_0946,2,4,5061.07,440,上架,2026-02-21 12:11:19
947,T恤_0947,3,43,680.44,68,上架,2025-11-11 15:47:25
948,篮球_0948,7,31,567.38,50,上架,2026-03-25 04:14:17
949,鼠标_0949,9,57,613.01,89,上架,2026-02-07 16:40:40
950,水杯_0950,5,5,330.7,299,下架,2025-09-27 05:59:57
951,键盘_0951,9,51,574.45,32,上架,2025-11-29 03:14:53
952,水杯_0952,5,22,384.62,488,上架,2026-03-22 19:50:00
953,台灯_0953,5,98,426.95,277,上架,2025-10-26 05:46:10
954,鼠标_0954,9,20,145.88,157,上架,2026-01-18 13:48:10
955,粉底液_0955,6,21,274.04,15,上架,2026-03-21 17:46:41
956,手办_0956,8,1,86.2,30,上架,2025-12-27 03:28:21
957,漫画_0957,8,42,139.35,458,上架,2026-01-28 15:09:36
958,瑜伽垫_0958,7,78,1989.74,74,上架,2025-10-05 13:12:06
959,显示器_0959,2,89,4118.76,487,下架,2025-11-09 17:17:34
960,口红_0960,6,29,349.84,138,上架,2025-12-02 06:53:25
961,鼠标_0961,9,6,773.29,313,上架,2025-12-24 12:39:35
962,运动鞋_0962,3,100,491.77,446,上架,2025-09-28 12:25:45
963,平板_0963,1,93,5604.29,184,上架,2026-02-20 05:52:47
964,笔记本_0964,2,56,14582.15,449,上架,2026-02-11 07:08:32
965,面膜_0965,6,17,34.03,294,上架,2025-10-29 22:34:14
966,教材_0966,8,52,200.64,307,上架,2025-10-01 16:40:27
967,打印机_0967,2,61,11448.86,462,上架,2026-03-12 09:12:53
968,键盘_0968,9,99,714.53,104,上架,2026-03-06 13:45:29
969,果汁_0969,4,76,178.3,244,上架,2026-03-21 06:49:10
970,平板_0970,1,62,4320.03,80,上架,2025-12-23 04:50:54
971,显示器_0971,2,88,9748.29,87,上架,2025-11-23 08:15:04
972,鼠标_0972,9,85,895.8,404,下架,2025-12-26 11:32:37
973,耳机_0973,9,54,767.02,226,上架,2025-10-17 04:29:31
974,教材_0974,8,56,260.87,268,上架,2025-11-28 01:00:49
975,显示器_0975,2,30,6901.62,50,上架,2025-11-14 18:47:27
976,洗衣液_0976,5,15,260.05,373,下架,2025-10-14 03:31:50
977,果汁_0977,4,53,190.76,293,上架,2026-03-12 09:15:59
978,面包_0978,4,17,111.2,187,下架,2025-12-07 09:27:01
979,面膜_0979,6,17,344.47,240,上架,2025-10-18 05:14:54
980,智能手表_0980,1,86,4835.75,117,上架,2026-01-19 09:47:03
981,篮球_0981,7,18,1605.31,423,上架,2025-12-26 20:13:30
982,智能手表_0982,1,16,5812.04,22,下架,2026-02-20 08:13:07
983,帐篷_0983,7,38,324.97,422,下架,2026-02-01 18:10:03
984,口红_0984,6,86,322.11,258,上架,2026-02-01 18:31:55
985,防晒霜_0985,6,70,335.34,446,上架,2026-03-15 22:49:03
986,笔记本_0986,2,67,6464.08,73,上架,2026-01-31 17:35:04
987,防晒霜_0987,6,63,327.96,424,上架,2025-10-22 15:22:41
988,鼠标_0988,9,50,798.51,127,上架,2025-12-07 22:13:20
989,收纳箱_0989,5,3,273.37,217,上架,2025-10-11 09:51:29
990,面膜_0990,6,13,149.09,267,上架,2026-02-18 22:16:01
991,面包_0991,4,85,62.31,294,上架,2025-11-04 23:01:17
992,粉底液_0992,6,21,127.78,64,上架,2026-02-03 11:31:43
993,面包_0993,4,90,98.33,210,上架,2026-01-03 13:45:20
994,连衣裙_0994,3,69,162.98,385,上架,2025-11-02 22:55:04
995,篮球_0995,7,70,413.25,399,上架,2025-10-28 08:34:38
996,漫画_0996,8,94,80.26,178,上架,2026-02-25 05:25:15
997,果汁_0997,4,90,179.65,113,上架,2025-12-13 14:08:28
998,智能手表_0998,1,53,3998.33,39,上架,2025-11-08 02:29:27
999,笔记本_0999,2,87,7129.26,334,上架,2026-03-25 21:26:36
1000,充电器_1000,1,22,7063.39,222,下架,2026-01-20 11:12:51
